{
  "hash": "b924eabc",
  "configHash": "4768c016",
  "lockfileHash": "3f450774",
  "browserHash": "138d1052",
  "optimized": {
    "@angular/core": {
      "src": "../../../../../node_modules/@angular/core/fesm2022/core.mjs",
      "file": "@angular_core.js",
      "fileHash": "8ccc8299",
      "needsInterop": false
    },
    "@angular/platform-browser": {
      "src": "../../../../../node_modules/@angular/platform-browser/fesm2022/platform-browser.mjs",
      "file": "@angular_platform-browser.js",
      "fileHash": "05dd0953",
      "needsInterop": false
    },
    "@angular/router": {
      "src": "../../../../../node_modules/@angular/router/fesm2022/router.mjs",
      "file": "@angular_router.js",
      "fileHash": "396bbd18",
      "needsInterop": false
    }
  },
  "chunks": {
    "chunk-3PGPYDTF": {
      "file": "chunk-3PGPYDTF.js"
    },
    "chunk-IKJ4S2J2": {
      "file": "chunk-IKJ4S2J2.js"
    }
  }
}