{
  "hash": "cdfc1518",
  "configHash": "494d9dac",
  "lockfileHash": "3f450774",
  "browserHash": "b0bc4027",
  "optimized": {
    "@angular/core": {
      "src": "../../../../../node_modules/@angular/core/fesm2022/core.mjs",
      "file": "@angular_core.js",
      "fileHash": "03cfd979",
      "needsInterop": false
    },
    "@angular/platform-browser": {
      "src": "../../../../../node_modules/@angular/platform-browser/fesm2022/platform-browser.mjs",
      "file": "@angular_platform-browser.js",
      "fileHash": "4c74e824",
      "needsInterop": false
    },
    "@angular/router": {
      "src": "../../../../../node_modules/@angular/router/fesm2022/router.mjs",
      "file": "@angular_router.js",
      "fileHash": "ac5a6712",
      "needsInterop": false
    }
  },
  "chunks": {
    "chunk-W4ZLFMJD": {
      "file": "chunk-W4ZLFMJD.js"
    },
    "chunk-43BTNCZT": {
      "file": "chunk-43BTNCZT.js"
    }
  }
}