{
  "hash": "5c873ac8",
  "configHash": "98fc3cf1",
  "lockfileHash": "82d5e738",
  "browserHash": "f72c1299",
  "optimized": {
    "@angular/common": {
      "src": "../../../../../node_modules/@angular/common/fesm2022/common.mjs",
      "file": "@angular_common.js",
      "fileHash": "7ccafe03",
      "needsInterop": false
    },
    "@angular/common/http": {
      "src": "../../../../../node_modules/@angular/common/fesm2022/http.mjs",
      "file": "@angular_common_http.js",
      "fileHash": "d0ad8d62",
      "needsInterop": false
    },
    "@angular/core": {
      "src": "../../../../../node_modules/@angular/core/fesm2022/core.mjs",
      "file": "@angular_core.js",
      "fileHash": "2fa4d9c5",
      "needsInterop": false
    },
    "@angular/forms": {
      "src": "../../../../../node_modules/@angular/forms/fesm2022/forms.mjs",
      "file": "@angular_forms.js",
      "fileHash": "742a7dea",
      "needsInterop": false
    },
    "@angular/platform-browser": {
      "src": "../../../../../node_modules/@angular/platform-browser/fesm2022/platform-browser.mjs",
      "file": "@angular_platform-browser.js",
      "fileHash": "9491e3f1",
      "needsInterop": false
    },
    "@angular/router": {
      "src": "../../../../../node_modules/@angular/router/fesm2022/router.mjs",
      "file": "@angular_router.js",
      "fileHash": "7316367d",
      "needsInterop": false
    },
    "rxjs": {
      "src": "../../../../../node_modules/rxjs/dist/esm5/index.js",
      "file": "rxjs.js",
      "fileHash": "69b95bb9",
      "needsInterop": false
    }
  },
  "chunks": {
    "chunk-X4I2J2CT": {
      "file": "chunk-X4I2J2CT.js"
    },
    "chunk-ORHJCG5B": {
      "file": "chunk-ORHJCG5B.js"
    },
    "chunk-5CWANZSO": {
      "file": "chunk-5CWANZSO.js"
    },
    "chunk-IJ2OTCV2": {
      "file": "chunk-IJ2OTCV2.js"
    },
    "chunk-2CVCC5YH": {
      "file": "chunk-2CVCC5YH.js"
    }
  }
}