{
  "hash": "1d8fed98",
  "configHash": "57e2626a",
  "lockfileHash": "3f450774",
  "browserHash": "ae293bd0",
  "optimized": {
    "@angular/core": {
      "src": "../../../../../node_modules/@angular/core/fesm2022/core.mjs",
      "file": "@angular_core.js",
      "fileHash": "5ba69cba",
      "needsInterop": false
    },
    "@angular/platform-browser": {
      "src": "../../../../../node_modules/@angular/platform-browser/fesm2022/platform-browser.mjs",
      "file": "@angular_platform-browser.js",
      "fileHash": "fe0b6e7b",
      "needsInterop": false
    },
    "@angular/platform-server": {
      "src": "../../../../../node_modules/@angular/platform-server/fesm2022/platform-server.mjs",
      "file": "@angular_platform-server.js",
      "fileHash": "9bf33262",
      "needsInterop": false
    },
    "@angular/router": {
      "src": "../../../../../node_modules/@angular/router/fesm2022/router.mjs",
      "file": "@angular_router.js",
      "fileHash": "27ab085d",
      "needsInterop": false
    }
  },
  "chunks": {
    "chunk-LH56WK5F": {
      "file": "chunk-LH56WK5F.js"
    },
    "chunk-WID3CJDL": {
      "file": "chunk-WID3CJDL.js"
    },
    "xhr2-V2GDQ3PS": {
      "file": "xhr2-V2GDQ3PS.js"
    },
    "chunk-NQ4HTGF6": {
      "file": "chunk-NQ4HTGF6.js"
    }
  }
}